절입시각,월,월지,절기,일수
1908-02-05 13:48,01,인,입춘,29.76805556
1908-03-06 08:14,02,묘,경칩,30.22638889
1908-04-05 13:40,03,진,청명,30.74861111
1908-05-06 07:38,04,사,입하,31.19513889
1908-06-06 12:19,05,오,망종,31.43680556
1908-07-07 22:48,06,미,소서,31.40208333
1908-08-08 08:27,07,신,입추,31.10069444
1908-09-08 10:52,08,유,백로,30.62430556
1908-10-09 01:51,09,술,한로,30.10486111
1908-11-08 04:22,10,해,입동,29.68194444
1908-12-07 20:44,11,자,대설,29.45347222
1909-01-06 07:37,12,축,소한,29.47777778
1909-02-04 19:05,01,인,입춘,29.76458333
1909-03-06 13:26,02,묘,경칩,30.23055556
1909-04-05 18:58,03,진,청명,30.75625
1909-05-06 13:07,04,사,입하,31.2
1909-06-06 17:55,05,오,망종,31.44097222
1909-07-08 04:30,06,미,소서,31.41041667
1909-08-08 14:21,07,신,입추,31.1125
1909-09-08 17:03,08,유,백로,30.63402778
1909-10-09 08:16,09,술,한로,30.10486111
1909-11-08 10:47,10,해,입동,29.67083333
1909-12-08 02:53,11,자,대설,29.44027778
1910-01-06 13:27,12,축,소한,29.47777778
1910-02-05 00:55,01,인,입춘,29.76388889
1910-03-06 19:15,02,묘,경칩,30.23055556
1910-04-06 00:47,03,진,청명,30.75555556
1910-05-06 18:55,04,사,입하,31.20069444
1910-06-06 23:44,05,오,망종,31.44027778
1910-07-08 10:18,06,미,소서,31.40972222
1910-08-08 20:08,07,신,입추,31.11388889
1910-09-08 22:52,08,유,백로,30.63402778
1910-10-09 14:05,09,술,한로,29.68819444
1910-11-08 06:36,10,해,입동,30.0875
1910-12-08 08:42,11,자,대설,29.44097222
1911-01-06 19:17,12,축,소한,29.47777778
1911-02-05 06:45,01,인,입춘,29.76388889
1911-03-07 01:05,02,묘,경칩,30.22986111
1911-04-06 06:36,03,진,청명,30.75555556
1911-05-07 00:44,04,사,입하,31.19930556
1911-06-07 05:31,05,오,망종,31.44097222
1911-07-08 16:06,06,미,소서,31.41041667
1911-08-09 01:57,07,신,입추,31.11319444
1911-09-09 04:40,08,유,백로,30.63541667
1911-10-09 19:55,09,술,한로,30.10486111
1911-11-08 22:26,10,해,입동,29.67083333
1911-12-08 14:32,11,자,대설,29.44027778
1912-01-07 01:06,12,축,소한,29.47777778
1912-02-05 12:34,01,인,입춘,29.76319444
1912-03-06 06:53,02,묘,경칩,30.23055556
1912-04-05 12:25,03,진,청명,30.75486111
1912-05-06 06:32,04,사,입하,31.2
1912-06-06 11:20,05,오,망종,31.43958333
1912-07-07 21:53,06,미,소서,31.41111111
1912-08-08 07:45,07,신,입추,31.11388889
1912-09-08 10:29,08,유,백로,30.63472222
1912-10-09 01:43,09,술,한로,30.10555556
1912-11-08 04:15,10,해,입동,29.67083333
1912-12-07 20:21,11,자,대설,29.44236111
1913-01-06 06:58,12,축,소한,29.48958333
1913-02-04 18:43,01,인,입춘,29.76805556
1913-03-06 13:09,02,묘,경칩,30.22708333
1913-04-05 18:36,03,진,청명,30.74930556
1913-05-06 12:35,04,사,입하,31.19375
1913-06-06 17:14,05,오,망종,31.43402778
1913-07-08 03:39,06,미,소서,31.40069444
1913-08-08 13:16,07,신,입추,31.10208333
1913-09-08 15:43,08,유,백로,30.62569444
1913-10-09 06:44,09,술,한로,30.10694444
1913-11-08 09:18,10,해,입동,29.68263889
1913-12-08 01:41,11,자,대설,29.45972222
1914-01-06 12:43,12,축,소한,29.49027778
1914-02-05 00:29,01,인,입춘,29.76875
1914-03-06 18:56,02,묘,경칩,30.22638889
1914-04-06 00:22,03,진,청명,30.74861111
1914-05-06 18:20,04,사,입하,31.19444444
1914-06-06 23:00,05,오,망종,31.43611111
1914-07-08 09:28,06,미,소서,31.40138889
1914-08-08 19:06,07,신,입추,31.10208333
1914-09-08 21:33,08,유,백로,30.62638889
1914-10-09 12:35,09,술,한로,30.10833333
1914-11-08 15:11,10,해,입동,29.68541667
1914-12-08 07:38,11,자,대설,29.46041667
1915-01-06 18:41,12,축,소한,29.48958333
1915-02-05 06:26,01,인,입춘,29.76527778
1915-03-07 00:48,02,묘,경칩,30.22291667
1915-04-06 06:09,03,진,청명,30.74583333
1915-05-07 00:03,04,사,입하,31.19236111
1915-06-07 04:40,05,오,망종,31.43611111
1915-07-08 15:08,06,미,소서,31.40277778
1915-08-09 00:48,07,신,입추,31.10416667
1915-09-09 03:18,08,유,백로,30.62708333
1915-10-09 18:21,09,술,한로,30.10902778
1915-11-08 20:58,10,해,입동,29.68472222
1915-12-08 13:24,11,자,대설,29.46111111
1916-01-07 00:28,12,축,소한,29.49097222
1916-02-05 12:15,01,인,입춘,29.76597222
1916-03-06 06:38,02,묘,경칩,30.22222222
1916-04-05 11:58,03,진,청명,30.74444444
1916-05-06 05:50,04,사,입하,31.19166667
1916-06-06 10:26,05,오,망종,31.43611111
1916-07-07 20:54,06,미,소서,31.40347222
1916-08-08 06:35,07,신,입추,31.10416667
1916-09-08 09:05,08,유,백로,30.62708333
1916-10-09 00:08,09,술,한로,30.10763889
1916-11-08 02:43,10,해,입동,29.68333333
1916-12-07 19:07,11,자,대설,29.46041667
1917-01-06 06:10,12,축,소한,29.49166667
1917-02-04 17:58,01,인,입춘,29.76875
1917-03-06 12:25,02,묘,경칩,30.22569444
1917-04-05 17:50,03,진,청명,30.74722222
1917-05-06 11:46,04,사,입하,31.19236111
1917-06-06 16:23,05,오,망종,31.43611111
1917-07-08 02:51,06,미,소서,31.40208333
1917-08-08 12:30,07,신,입추,31.10416667
1917-09-08 15:00,08,유,백로,30.62708333
1917-10-09 06:03,09,술,한로,30.10694444
1917-11-08 08:37,10,해,입동,29.68333333
1917-12-08 01:01,11,자,대설,29.46111111
1918-01-06 12:05,12,축,소한,29.49166667
1918-02-04 23:53,01,인,입춘,29.76944444
1918-03-06 18:21,02,묘,경칩,30.22569444
1918-04-05 23:46,03,진,청명,30.74444444
1918-05-06 17:38,04,사,입하,31.18958333
1918-06-06 22:11,05,오,망종,31.43125
1918-07-08 08:32,06,미,소서,31.4
1918-08-08 18:08,07,신,입추,31.10277778
1918-09-08 20:36,08,유,백로,30.62847222
1918-10-09 11:41,09,술,한로,30.10972222
1918-11-08 14:19,10,해,입동,29.68611111
1918-12-08 06:47,11,자,대설,29.46180556
1919-01-06 17:52,12,축,소한,29.49166667
1919-02-05 05:40,01,인,입춘,29.76805556
1919-03-07 00:06,02,묘,경칩,30.22430556
1919-04-06 05:29,03,진,청명,30.74513889
1919-05-06 23:22,04,사,입하,31.19097222
1919-06-07 03:57,05,오,망종,31.43333333
1919-07-08 14:21,06,미,소서,31.40069444
1919-08-08 23:58,07,신,입추,31.10416667
1919-09-09 02:28,08,유,백로,30.62916667
1919-10-09 17:34,09,술,한로,30.10972222
1919-11-08 20:12,10,해,입동,29.68472222
1919-12-08 12:38,11,자,대설,29.46041667
1920-01-06 23:41,12,축,소한,29.49027778
1920-02-05 11:27,01,인,입춘,29.76666667
1920-03-06 05:51,02,묘,경칩,30.225
1920-04-05 11:15,03,진,청명,30.74791667
1920-05-06 05:12,04,사,입하,31.19375
1920-06-06 09:51,05,오,망종,31.43611111
1920-07-07 20:19,06,미,소서,31.40208333
1920-08-08 05:58,07,신,입추,31.10347222
1920-09-08 08:27,08,유,백로,30.62708333
1920-10-08 23:30,09,술,한로,30.10763889
1920-11-08 02:05,10,해,입동,29.68472222
1920-12-07 18:31,11,자,대설,29.46041667
1921-01-06 05:34,12,축,소한,29.49097222
1921-02-04 17:21,01,인,입춘,29.76736111
1921-03-06 11:46,02,묘,경칩,30.22430556
1921-04-05 17:09,03,진,청명,30.74652778
1921-05-06 11:04,04,사,입하,31.19305556
1921-06-06 15:42,05,오,망종,31.43402778
1921-07-08 02:07,06,미,소서,31.40069444
1921-08-08 11:44,07,신,입추,31.10138889
1921-09-08 14:10,08,유,백로,30.62569444
1921-10-09 05:11,09,술,한로,30.10763889
1921-11-08 07:46,10,해,입동,29.68472222
1921-12-08 00:12,11,자,대설,29.46180556
1922-01-06 11:17,12,축,소한,29.49305556
1922-02-04 23:07,01,인,입춘,29.76875
1922-03-06 17:34,02,묘,경칩,30.225
1922-04-05 22:58,03,진,청명,30.74652778
1922-05-06 16:53,04,사,입하,31.19236111
1922-06-06 21:30,05,오,망종,31.43611111
1922-07-08 07:58,06,미,소서,31.40277778
1922-08-08 17:38,07,신,입추,31.10347222
1922-09-08 20:07,08,유,백로,30.62708333
1922-10-09 11:10,09,술,한로,30.10833333
1922-11-08 13:46,10,해,입동,29.68402778
1922-12-08 06:11,11,자,대설,29.46111111
1923-01-06 17:15,12,축,소한,29.49027778
1923-02-05 05:01,01,인,입춘,29.76666667
1923-03-06 23:25,02,묘,경칩,30.22291667
1923-04-06 04:46,03,진,청명,30.74513889
1923-05-06 22:39,04,사,입하,31.19166667
1923-06-07 03:15,05,오,망종,31.43541667
1923-07-08 13:42,06,미,소서,31.40486111
1923-08-08 23:25,07,신,입추,31.10625
1923-09-09 01:58,08,유,백로,30.62916667
1923-10-09 17:04,09,술,한로,30.10902778
1923-11-08 19:41,10,해,입동,29.68333333
1923-12-08 12:05,11,자,대설,29.45902778
1924-01-06 23:06,12,축,소한,29.48888889
1924-02-05 10:50,01,인,입춘,29.76597222
1924-03-06 05:13,02,묘,경칩,30.22222222
1924-04-05 10:33,03,진,청명,30.74513889
1924-05-06 04:26,04,사,입하,31.19166667
1924-06-06 09:02,05,오,망종,31.43611111
1924-07-07 19:30,06,미,소서,31.40486111
1924-08-08 05:13,07,신,입추,31.10625
1924-09-08 07:46,08,유,백로,30.62986111
1924-10-08 22:53,09,술,한로,30.10902778
1924-11-08 01:30,10,해,입동,29.68333333
1924-12-07 17:54,11,자,대설,29.45833333
1925-01-06 04:54,12,축,소한,29.48819444
1925-02-04 16:37,01,인,입춘,29.76597222
1925-03-06 11:00,02,묘,경칩,30.22430556
1925-04-05 16:23,03,진,청명,30.74652778
1925-05-06 10:18,04,사,입하,31.19375
1925-06-06 14:57,05,오,망종,31.43611111
1925-07-08 01:25,06,미,소서,31.40486111
1925-08-08 11:08,07,신,입추,31.10625
1925-09-08 13:41,08,유,백로,30.62986111
1925-10-09 04:48,09,술,한로,30.11041667
1925-11-08 07:27,10,해,입동,29.68472222
1925-12-07 23:53,11,자,대설,29.45972222
1926-01-06 10:55,12,축,소한,29.48888889
1926-02-04 22:39,01,인,입춘,29.76458333
1926-03-06 17:00,02,묘,경칩,30.22152778
1926-04-05 22:19,03,진,청명,30.74305556
1926-05-06 16:09,04,사,입하,31.18958333
1926-06-06 20:42,05,오,망종,31.43333333
1926-07-08 07:06,06,미,소서,31.40208333
1926-08-08 16:45,07,신,입추,31.10486111
1926-09-08 19:16,08,유,백로,30.63125
1926-10-09 10:25,09,술,한로,30.11319444
1926-11-08 13:08,10,해,입동,29.68819444
1926-12-08 05:39,11,자,대설,29.4625
1927-01-06 16:45,12,축,소한,29.49027778
1927-02-05 04:31,01,인,입춘,29.76388889
1927-03-06 22:51,02,묘,경칩,30.21875
1927-04-06 04:06,03,진,청명,30.74097222
1927-05-06 21:53,04,사,입하,31.18888889
1927-06-07 02:25,05,오,망종,31.43402778
1927-07-08 12:50,06,미,소서,31.40416667
1927-08-08 22:32,07,신,입추,31.10694444
1927-09-09 01:06,08,유,백로,30.63194444
1927-10-09 16:16,09,술,한로,30.11180556
1927-11-08 18:57,10,해,입동,29.6875
1927-12-08 11:27,11,자,대설,29.46180556
1928-01-06 22:32,12,축,소한,29.48958333
1928-02-05 10:17,01,인,입춘,29.76458333
1928-03-06 04:38,02,묘,경칩,30.22013889
1928-04-05 09:55,03,진,청명,30.74236111
1928-05-06 03:44,04,사,입하,31.19027778
1928-06-06 08:18,05,오,망종,31.43541667
1928-07-07 18:45,06,미,소서,31.40486111
1928-08-08 04:28,07,신,입추,31.10694444
1928-09-08 07:02,08,유,백로,30.63125
1928-10-08 22:11,09,술,한로,30.11041667
1928-11-08 00:50,10,해,입동,29.68611111
1928-12-07 17:18,11,자,대설,29.46180556
1929-01-06 04:23,12,축,소한,29.49027778
1929-02-04 16:09,01,인,입춘,29.76597222
1929-03-06 10:32,02,묘,경칩,30.22222222
1929-04-05 15:52,03,진,청명,30.74236111
1929-05-06 09:41,04,사,입하,31.1875
1929-06-06 14:11,05,오,망종,31.43125
1929-07-08 00:32,06,미,소서,31.40069444
1929-08-08 10:09,07,신,입추,31.10486111
1929-09-08 12:40,08,유,백로,30.63055556
1929-10-09 03:48,09,술,한로,30.11111111
1929-11-08 06:28,10,해,입동,29.68680556
1929-12-07 22:57,11,자,대설,29.4625
1930-01-06 10:03,12,축,소한,29.49236111
1930-02-04 21:52,01,인,입춘,29.76736111
1930-03-06 16:17,02,묘,경칩,30.22291667
1930-04-05 21:38,03,진,청명,30.74305556
1930-05-06 15:28,04,사,입하,31.1875
1930-06-06 19:58,05,오,망종,31.43194444
1930-07-08 06:20,06,미,소서,31.40138889
1930-08-08 15:58,07,신,입추,31.10486111
1930-09-08 18:29,08,유,백로,30.63125
1930-10-09 09:38,09,술,한로,30.11319444
1930-11-08 12:21,10,해,입동,29.6875
1930-12-08 04:51,11,자,대설,29.46180556
1931-01-06 15:56,12,축,소한,29.48958333
1931-02-05 03:41,01,인,입춘,29.76527778
1931-03-06 22:03,02,묘,경칩,30.22083333
1931-04-06 03:21,03,진,청명,30.74236111
1931-05-06 21:10,04,사,입하,31.18888889
1931-06-07 01:42,05,오,망종,31.43333333
1931-07-08 12:06,06,미,소서,31.40208333
1931-08-08 21:45,07,신,입추,31.10625
1931-09-09 00:18,08,유,백로,30.63125
1931-10-09 15:27,09,술,한로,30.11319444
1931-11-08 18:10,10,해,입동,29.68819444
1931-12-08 10:41,11,자,대설,29.46180556
1932-01-06 21:46,12,축,소한,29.48888889
1932-02-05 09:30,01,인,입춘,29.76388889
1932-03-06 03:50,02,묘,경칩,30.22013889
1932-04-05 09:07,03,진,청명,30.74166667
1932-05-06 02:55,04,사,입하,31.18958333
1932-06-06 07:28,05,오,망종,31.43402778
1932-07-07 17:53,06,미,소서,31.40208333
1932-08-08 03:32,07,신,입추,31.10486111
1932-09-08 06:03,08,유,백로,30.62986111
1932-10-08 21:10,09,술,한로,30.11111111
1932-11-07 23:50,10,해,입동,29.68680556
1932-12-07 16:19,11,자,대설,29.46180556
1933-01-06 03:24,12,축,소한,29.49027778
1933-02-04 15:10,01,인,입춘,29.76527778
1933-03-06 09:32,02,묘,경칩,30.22152778
1933-04-05 14:51,03,진,청명,30.74375
1933-05-06 08:42,04,사,입하,31.19166667
1933-06-06 13:18,05,오,망종,31.43541667
1933-07-07 23:45,06,미,소서,31.40347222
1933-08-08 09:26,07,신,입추,31.10555556
1933-09-08 11:58,08,유,백로,30.62916667
1933-10-09 03:04,09,술,한로,30.11111111
1933-11-08 05:44,10,해,입동,29.68611111
1933-12-07 22:12,11,자,대설,29.46180556
1934-01-06 09:17,12,축,소한,29.49097222
1934-02-04 21:04,01,인,입춘,29.76597222
1934-03-06 15:27,02,묘,경칩,30.22013889
1934-04-05 20:44,03,진,청명,30.74097222
1934-05-06 14:31,04,사,입하,31.18819444
1934-06-06 19:02,05,오,망종,31.43263889
1934-07-08 05:25,06,미,소서,31.40208333
1934-08-08 15:04,07,신,입추,31.10625
1934-09-08 17:37,08,유,백로,30.63125
1934-10-09 08:46,09,술,한로,30.11180556
1934-11-08 11:27,10,해,입동,29.6875
1934-12-08 03:57,11,자,대설,29.4625
1935-01-06 15:03,12,축,소한,29.49027778
1935-02-05 02:49,01,인,입춘,29.76527778
1935-03-06 21:11,02,묘,경칩,30.21944444
1935-04-06 02:27,03,진,청명,30.73958333
1935-05-06 20:12,04,사,입하,31.1875
1935-06-07 00:42,05,오,망종,31.43333333
1935-07-08 11:06,06,미,소서,31.40416667
1935-08-08 20:48,07,신,입추,31.10902778
1935-09-08 23:25,08,유,백로,30.63263889
1935-10-09 14:36,09,술,한로,30.1125
1935-11-08 17:18,10,해,입동,29.68541667
1935-12-08 09:45,11,자,대설,29.45972222
1936-01-06 20:47,12,축,소한,29.48819444
1936-02-05 08:30,01,인,입춘,29.76319444
1936-03-06 02:49,02,묘,경칩,30.22083333
1936-04-05 08:07,03,진,청명,30.74305556
1936-05-06 01:57,04,사,입하,31.19027778
1936-06-06 06:31,05,오,망종,31.43611111
1936-07-07 16:59,06,미,소서,31.40625
1936-08-08 02:44,07,신,입추,31.10902778
1936-09-08 05:21,08,유,백로,30.63333333
1936-10-08 20:33,09,술,한로,30.1125
1936-11-07 23:15,10,해,입동,29.68611111
1936-12-07 15:43,11,자,대설,29.45902778
1937-01-06 02:44,12,축,소한,29.4875
1937-02-04 14:26,01,인,입춘,29.7625
1937-03-06 08:44,02,묘,경칩,30.22013889
1937-04-05 14:01,03,진,청명,30.74305556
1937-05-06 07:51,04,사,입하,31.18888889
1937-06-06 12:23,05,오,망종,31.43263889
1937-07-07 22:46,06,미,소서,31.40208333
1937-08-08 08:25,07,신,입추,31.10694444
1937-09-08 10:59,08,유,백로,30.63333333
1937-10-09 02:11,09,술,한로,30.11388889
1937-11-08 04:55,10,해,입동,29.68819444
1937-12-07 21:26,11,자,대설,29.46180556
1938-01-06 08:31,12,축,소한,29.48888889
1938-02-04 20:15,01,인,입춘,29.76319444
1938-03-06 14:34,02,묘,경칩,30.21875
1938-04-05 19:49,03,진,청명,30.74027778
1938-05-06 13:35,04,사,입하,31.18888889
1938-06-06 18:07,05,오,망종,31.43333333
1938-07-08 04:31,06,미,소서,31.40416667
1938-08-08 14:13,07,신,입추,31.10763889
1938-09-08 16:48,08,유,백로,30.63402778
1938-10-09 08:01,09,술,한로,30.11597222
1938-11-08 10:48,10,해,입동,29.69027778
1938-12-08 03:22,11,자,대설,29.4625
1939-01-06 14:28,12,축,소한,29.4875
1939-02-05 02:10,01,인,입춘,29.76111111
1939-03-06 20:26,02,묘,경칩,30.21597222
1939-04-06 01:37,03,진,청명,30.73888889
1939-05-06 19:21,04,사,입하,31.18819444
1939-06-06 23:52,05,오,망종,31.43472222
1939-07-08 10:18,06,미,소서,31.40694444
1939-08-08 20:04,07,신,입추,31.10972222
1939-09-08 22:42,08,유,백로,30.63541667
1939-10-09 13:57,09,술,한로,30.11597222
1939-11-08 16:44,10,해,입동,29.68958333
1939-12-08 09:17,11,자,대설,29.46319444
1940-01-06 20:24,12,축,소한,29.48888889
1940-02-05 08:08,01,인,입춘,29.76111111
1940-03-06 02:24,02,묘,경칩,30.21597222
1940-04-05 07:35,03,진,청명,30.73680556
1940-05-06 01:16,04,사,입하,31.18611111
1940-06-06 05:44,05,오,망종,31.43333333
1940-07-07 16:08,06,미,소서,31.40555556
1940-08-08 01:52,07,신,입추,31.10902778
1940-09-08 04:29,08,유,백로,30.63402778
1940-10-08 19:42,09,술,한로,30.11458333
1940-11-07 22:27,10,해,입동,29.68819444
1940-12-07 14:58,11,자,대설,29.4625
1941-01-06 02:04,12,축,소한,29.49027778
1941-02-04 13:50,01,인,입춘,29.76388889
1941-03-06 08:10,02,묘,경칩,30.21875
1941-04-05 13:25,03,진,청명,30.73958333
1941-05-06 07:10,04,사,입하,31.18680556
1941-06-06 11:39,05,오,망종,31.43333333
1941-07-07 22:03,06,미,소서,31.40486111
1941-08-08 07:46,07,신,입추,31.10972222
1941-09-08 10:24,08,유,백로,30.63472222
1941-10-09 01:38,09,술,한로,30.11527778
1941-11-08 04:24,10,해,입동,29.68888889
1941-12-07 20:56,11,자,대설,29.4625
1942-01-06 08:02,12,축,소한,29.49097222
1942-02-04 19:49,01,인,입춘,29.76388889
1942-03-06 14:09,02,묘,경칩,30.21875
1942-04-05 19:24,03,진,청명,30.73819444
1942-05-06 13:07,04,사,입하,31.18472222
1942-06-06 17:33,05,오,망종,31.42986111
1942-07-08 03:52,06,미,소서,31.40138889
1942-08-08 13:30,07,신,입추,31.10833333
1942-09-08 16:06,08,유,백로,30.63611111
1942-10-09 07:22,09,술,한로,30.11736111
1942-11-08 10:11,10,해,입동,29.69166667
1942-12-08 02:47,11,자,대설,29.46388889
1943-01-06 13:55,12,축,소한,29.48958333
1943-02-05 01:40,01,인,입춘,29.76319444
1943-03-06 19:59,02,묘,경칩,30.21666667
1943-04-06 01:11,03,진,청명,30.7375
1943-05-06 18:53,04,사,입하,31.18472222
1943-06-06 23:19,05,오,망종,31.43055556
1943-07-08 09:39,06,미,소서,31.40277778
1943-08-08 19:19,07,신,입추,31.10833333
1943-09-08 21:55,08,유,백로,30.63611111
1943-10-09 13:11,09,술,한로,30.11666667
1943-11-08 15:59,10,해,입동,29.69027778
1943-12-08 08:33,11,자,대설,29.4625
1944-01-06 19:39,12,축,소한,29.48888889
1944-02-05 07:23,01,인,입춘,29.76180556
1944-03-06 01:40,02,묘,경칩,30.21805556
1944-04-05 06:54,03,진,청명,30.74027778
1944-05-06 00:40,04,사,입하,31.18819444
1944-06-06 05:11,05,오,망종,31.43402778
1944-07-07 15:36,06,미,소서,31.40486111
1944-08-08 01:19,07,신,입추,31.10902778
1944-09-08 03:56,08,유,백로,30.63402778
1944-10-08 19:09,09,술,한로,30.11527778
1944-11-07 21:55,10,해,입동,29.68958333
1944-12-07 14:28,11,자,대설,29.4625
1945-01-06 01:34,12,축,소한,29.48958333
1945-02-04 13:19,01,인,입춘,29.76319444
1945-03-06 07:38,02,묘,경칩,30.21805556
1945-04-05 12:52,03,진,청명,30.73958333
1945-05-06 06:37,04,사,입하,31.18611111
1945-06-06 11:05,05,오,망종,31.43194444
1945-07-07 21:27,06,미,소서,31.40138889
1945-08-08 07:05,07,신,입추,31.10625
1945-09-08 09:38,08,유,백로,30.63263889
1945-10-09 00:49,09,술,한로,30.11458333
1945-11-08 03:34,10,해,입동,29.69027778
1945-12-07 20:08,11,자,대설,29.46388889
1946-01-06 07:16,12,축,소한,29.49166667
1946-02-04 19:04,01,인,입춘,29.76458333
1946-03-06 13:25,02,묘,경칩,30.21805556
1946-04-05 18:39,03,진,청명,30.73819444
1946-05-06 12:22,04,사,입하,31.18541667
1946-06-06 16:49,05,오,망종,31.43194444
1946-07-08 03:11,06,미,소서,31.40347222
1946-08-08 12:52,07,신,입추,31.10833333
1946-09-08 15:28,08,유,백로,30.63402778
1946-10-09 06:41,09,술,한로,30.11597222
1946-11-08 09:28,10,해,입동,29.68958333
1946-12-08 02:01,11,자,대설,29.4625
1947-01-06 13:07,12,축,소한,29.48888889
1947-02-05 00:51,01,인,입춘,29.7625
1947-03-06 19:09,02,묘,경칩,30.21666667
1947-04-06 00:21,03,진,청명,30.52916667
1947-05-06 13:03,04,사,입하,31.39513889
1947-06-06 22:32,05,오,망종,31.43333333
1947-07-08 08:56,06,미,소서,31.40625
1947-08-08 18:41,07,신,입추,31.11180556
1947-09-08 21:22,08,유,백로,30.63611111
1947-10-09 12:38,09,술,한로,30.11597222
1947-11-08 15:25,10,해,입동,29.68888889
1947-12-08 07:57,11,자,대설,29.46111111
1948-01-06 19:01,12,축,소한,29.4875
1948-02-05 06:43,01,인,입춘,30.01111111
1948-03-06 06:59,02,묘,경칩,29.96597222
1948-04-05 06:10,03,진,청명,30.73819444
1948-05-05 23:53,04,사,입하,31.18611111
1948-06-06 04:21,05,오,망종,31.43263889
1948-07-07 14:44,06,미,소서,31.40486111
1948-08-08 00:27,07,신,입추,31.10972222
1948-09-08 03:05,08,유,백로,30.63611111
1948-10-08 18:21,09,술,한로,30.11527778
1948-11-07 21:07,10,해,입동,29.68819444
1948-12-07 13:38,11,자,대설,29.46111111
1949-01-06 00:42,12,축,소한,29.4875
1949-02-04 12:24,01,인,입춘,29.76111111
1949-03-06 06:40,02,묘,경칩,30.21666667
1949-04-05 11:52,03,진,청명,30.73958333
1949-05-06 05:37,04,사,입하,31.1875
1949-06-06 10:07,05,오,망종,31.43402778
1949-07-07 20:32,06,미,소서,31.40555556
1949-08-08 06:16,07,신,입추,31.11041667
1949-09-08 08:55,08,유,백로,30.63680556
1949-10-09 00:12,09,술,한로,30.11666667
1949-11-08 03:00,10,해,입동,29.69027778
1949-12-07 19:34,11,자,대설,29.4625
1950-01-06 06:40,12,축,소한,29.4875
1950-02-04 18:22,01,인,입춘,29.75972222
1950-03-06 12:36,02,묘,경칩,30.21458333
1950-04-05 17:45,03,진,청명,30.73611111
1950-05-06 11:25,04,사,입하,31.18541667
1950-06-06 15:52,05,오,망종,31.43194444
1950-07-08 02:14,06,미,소서,31.40416667
1950-08-08 11:56,07,신,입추,31.10972222
1950-09-08 14:34,08,유,백로,30.6375
1950-10-09 05:52,09,술,한로,30.11944444
1950-11-08 08:44,10,해,입동,29.69305556
1950-12-08 01:22,11,자,대설,29.46458333
1951-01-06 12:31,12,축,소한,29.48819444
1951-02-05 00:14,01,인,입춘,29.75902778
1951-03-06 18:27,02,묘,경칩,30.2125
1951-04-05 23:33,03,진,청명,30.73402778
1951-05-06 17:10,04,사,입하,31.18263889
1951-06-06 21:33,05,오,망종,31.43125
1951-07-08 07:54,06,미,소서,31.40555556
1951-08-08 17:38,07,신,입추,31.11180556
1951-09-08 20:19,08,유,백로,30.6375
1951-10-09 11:37,09,술,한로,30.11805556
1951-11-08 14:27,10,해,입동,29.69166667
1951-12-08 07:03,11,자,대설,29.46319444
1952-01-06 18:10,12,축,소한,29.48888889
1952-02-05 05:54,01,인,입춘,29.75972222
1952-03-06 00:08,02,묘,경칩,30.21388889
1952-04-05 05:16,03,진,청명,30.73541667
1952-05-05 22:55,04,사,입하,31.18472222
1952-06-06 03:21,05,오,망종,31.43333333
1952-07-07 13:45,06,미,소서,31.40763889
1952-08-07 23:32,07,신,입추,31.1125
1952-09-08 02:14,08,유,백로,30.63819444
1952-10-08 17:33,09,술,한로,30.11736111
1952-11-07 20:22,10,해,입동,29.69027778
1952-12-07 12:56,11,자,대설,29.46319444
1953-01-06 00:03,12,축,소한,29.48819444
1953-02-04 11:46,01,인,입춘,29.76180556
1953-03-06 06:03,02,묘,경칩,30.21527778
1953-04-05 11:13,03,진,청명,30.73611111
1953-05-06 04:53,04,사,입하,31.18333333
1953-06-06 09:17,05,오,망종,31.42916667
1953-07-07 19:35,06,미,소서,31.40277778
1953-08-08 05:15,07,신,입추,31.10972222
1953-09-08 07:53,08,유,백로,30.6375
1953-10-08 23:11,09,술,한로,30.11875
1953-11-08 02:02,10,해,입동,29.69166667
1953-12-07 18:38,11,자,대설,29.46388889
1954-01-06 05:46,12,축,소한,29.48958333
1954-02-04 17:31,01,인,입춘,29.7625
1954-03-06 11:49,02,묘,경칩,30.19513889
1954-04-05 16:30,03,진,청명,30.73541667
1954-05-06 10:09,04,사,입하,31.18194444
1954-06-06 14:31,05,오,망종,31.42986111
1954-07-08 00:50,06,미,소서,31.40277778
1954-08-08 10:30,07,신,입추,31.10972222
1954-09-08 13:08,08,유,백로,30.63888889
1954-10-09 04:28,09,술,한로,30.12013889
1954-11-08 07:21,10,해,입동,29.69305556
1954-12-07 23:59,11,자,대설,29.46388889
1955-01-06 11:07,12,축,소한,29.48680556
1955-02-04 22:48,01,인,입춘,29.75972222
1955-03-06 17:02,02,묘,경칩,30.21319444
1955-04-05 22:09,03,진,청명,30.73541667
1955-05-06 15:48,04,사,입하,31.18472222
1955-06-06 20:14,05,오,망종,31.43194444
1955-07-08 06:36,06,미,소서,31.40555556
1955-08-08 16:20,07,신,입추,31.1125
1955-09-08 19:02,08,유,백로,30.63958333
1955-10-09 10:23,09,술,한로,30.12013889
1955-11-08 13:16,10,해,입동,29.69305556
1955-12-08 05:54,11,자,대설,29.46319444
1956-01-06 17:01,12,축,소한,29.4875
1956-02-05 04:43,01,인,입춘,29.75833333
1956-03-05 22:55,02,묘,경칩,30.21319444
1956-04-05 04:02,03,진,청명,30.73472222
1956-05-05 21:40,04,사,입하,31.18472222
1956-06-06 02:06,05,오,망종,31.43263889
1956-07-07 12:29,06,미,소서,31.40416667
1956-08-07 22:11,07,신,입추,31.11041667
1956-09-08 00:50,08,유,백로,30.63680556
1956-10-08 16:07,09,술,한로,30.11805556
1956-11-07 18:57,10,해,입동,29.69166667
1956-12-07 11:33,11,자,대설,29.46388889
1957-01-05 22:41,12,축,소한,29.48888889
1957-02-04 10:25,01,인,입춘,29.76111111
1957-03-06 04:41,02,묘,경칩,30.21388889
1957-04-05 09:49,03,진,청명,30.73611111
1957-05-06 03:29,04,사,입하,31.18472222
1957-06-06 07:55,05,오,망종,31.43333333
1957-07-07 18:19,06,미,소서,31.40555556
1957-08-08 04:03,07,신,입추,31.11111111
1957-09-08 06:43,08,유,백로,30.6375
1957-10-08 22:01,09,술,한로,30.11805556
1957-11-08 00:51,10,해,입동,29.69166667
1957-12-07 17:27,11,자,대설,29.46388889
1958-01-06 04:35,12,축,소한,29.48958333
1958-02-04 16:20,01,인,입춘,29.76111111
1958-03-06 10:36,02,묘,경칩,30.21319444
1958-04-05 15:43,03,진,청명,30.73402778
1958-05-06 09:20,04,사,입하,31.18263889
1958-06-06 13:43,05,오,망종,31.43125
1958-07-08 00:04,06,미,소서,31.40555556
1958-08-08 09:48,07,신,입추,31.1125
1958-09-08 12:30,08,유,백로,30.63888889
1958-10-09 03:50,09,술,한로,30.12013889
1958-11-08 06:43,10,해,입동,29.69236111
1958-12-07 23:20,11,자,대설,29.46458333
1959-01-06 10:29,12,축,소한,29.48888889
1959-02-04 22:13,01,인,입춘,29.75972222
1959-03-06 16:27,02,묘,경칩,30.21319444
1959-04-05 21:34,03,진,청명,30.73263889
1959-05-06 15:09,04,사,입하,31.18194444
1959-06-06 19:31,05,오,망종,31.42986111
1959-07-08 05:50,06,미,소서,31.40625
1959-08-08 15:35,07,신,입추,31.11388889
1959-09-08 18:19,08,유,백로,30.64027778
1959-10-09 09:41,09,술,한로,30.11944444
1959-11-08 12:33,10,해,입동,29.69097222
1959-12-08 05:08,11,자,대설,29.46180556
1960-01-06 16:13,12,축,소한,29.48680556
1960-02-05 03:54,01,인,입춘,29.75902778
1960-03-05 22:07,02,묘,경칩,30.21319444
1960-04-05 03:14,03,진,청명,30.73541667
1960-05-05 20:53,04,사,입하,31.18472222
1960-06-06 01:19,05,오,망종,31.43333333
1960-07-07 11:43,06,미,소서,31.40763889
1960-08-07 21:30,07,신,입추,31.11527778
1960-09-08 00:16,08,유,백로,30.64097222
1960-10-08 15:39,09,술,한로,30.12083333
1960-11-07 18:33,10,해,입동,29.69166667
1960-12-07 11:09,11,자,대설,29.46111111
1961-01-05 22:13,12,축,소한,29.48611111
1961-02-04 09:53,01,인,입춘,29.75833333
1961-03-06 04:05,02,묘,경칩,30.21319444
1961-04-05 09:12,03,진,청명,30.73541667
1961-05-06 02:51,04,사,입하,31.18402778
1961-06-06 07:16,05,오,망종,31.43125
1961-07-07 17:37,06,미,소서,31.40347222
1961-08-08 03:18,07,신,입추,31.13263889
1961-09-08 06:29,08,유,백로,30.64027778
1961-10-08 21:51,09,술,한로,30.12152778
1961-11-08 00:46,10,해,입동,29.69444444
1961-12-07 17:26,11,자,대설,29.46458333
1962-01-06 04:35,12,축,소한,29.48819444
1962-02-04 16:18,01,인,입춘,29.75833333
1962-03-06 10:30,02,묘,경칩,30.21111111
1962-04-05 15:34,03,진,청명,30.73263889
1962-05-06 09:09,04,사,입하,31.18194444
1962-06-06 13:31,05,오,망종,31.43055556
1962-07-07 23:51,06,미,소서,31.40486111
1962-08-08 09:34,07,신,입추,31.1125
1962-09-08 12:16,08,유,백로,30.64027778
1962-10-09 03:38,09,술,한로,30.12291667
1962-11-08 06:35,10,해,입동,29.69583333
1962-12-07 23:17,11,자,대설,29.46527778
1963-01-06 10:27,12,축,소한,29.48680556
1963-02-04 22:08,01,인,입춘,29.75625
1963-03-06 16:17,02,묘,경칩,30.20972222
1963-04-05 21:19,03,진,청명,30.73125
1963-05-06 14:52,04,사,입하,31.18194444
1963-06-06 19:14,05,오,망종,31.43333333
1963-07-08 05:38,06,미,소서,31.40763889
1963-08-08 15:25,07,신,입추,31.11597222
1963-09-08 18:12,08,유,백로,30.64166667
1963-10-09 09:36,09,술,한로,30.12291667
1963-11-08 12:33,10,해,입동,29.69444444
1963-12-08 05:13,11,자,대설,29.46527778
1964-01-06 16:23,12,축,소한,29.4875
1964-02-05 04:05,01,인,입춘,29.75763889
1964-03-05 22:16,02,묘,경칩,30.20972222
1964-04-05 03:18,03,진,청명,30.73125
1964-05-05 20:51,04,사,입하,31.18125
1964-06-06 01:12,05,오,망종,31.43055556
1964-07-07 11:32,06,미,소서,31.40555556
1964-08-07 21:16,07,신,입추,31.11388889
1964-09-08 00:00,08,유,백로,30.64027778
1964-10-08 15:22,09,술,한로,30.12013889
1964-11-07 18:15,10,해,입동,29.69305556
1964-12-07 10:53,11,자,대설,29.46458333
1965-01-05 22:02,12,축,소한,29.48888889
1965-02-04 09:46,01,인,입춘,29.76041667
1965-03-06 04:01,02,묘,경칩,30.2125
1965-04-05 09:07,03,진,청명,30.73263889
1965-05-06 02:42,04,사,입하,31.18055556
1965-06-06 07:02,05,오,망종,31.42986111
1965-07-07 17:21,06,미,소서,31.40555556
1965-08-08 03:05,07,신,입추,31.11319444
1965-09-08 05:48,08,유,백로,30.64097222
1965-10-08 21:11,09,술,한로,30.12222222
1965-11-08 00:07,10,해,입동,29.69375
1965-12-07 16:46,11,자,대설,29.46458333
1966-01-06 03:55,12,축,소한,29.48819444
1966-02-04 15:38,01,인,입춘,29.75972222
1966-03-06 09:52,02,묘,경칩,30.21180556
1966-04-05 14:57,03,진,청명,30.73125
1966-05-06 08:30,04,사,입하,31.18055556
1966-06-06 12:50,05,오,망종,31.42847222
1966-07-07 23:07,06,미,소서,31.40416667
1966-08-08 08:49,07,신,입추,31.11319444
1966-09-08 11:32,08,유,백로,30.64236111
1966-10-09 02:57,09,술,한로,30.12430556
1966-11-08 05:56,10,해,입동,29.69583333
1966-12-07 22:38,11,자,대설,29.46597222
1967-01-06 09:49,12,축,소한,29.4875
1967-02-04 21:31,01,인,입춘,29.75763889
1967-03-06 15:42,02,묘,경칩,30.21041667
1967-04-05 20:45,03,진,청명,30.31388889
1967-05-06 04:17,04,사,입하,31.58958333
1967-06-06 18:26,05,오,망종,31.43541667
1967-07-08 04:53,06,미,소서,31.40416667
1967-08-08 14:35,07,신,입추,31.11319444
1967-09-08 17:18,08,유,백로,30.64097222
1967-10-09 08:41,09,술,한로,30.12291667
1967-11-08 11:38,10,해,입동,29.69444444
1967-12-08 04:18,11,자,대설,29.46458333
1968-01-06 15:27,12,축,소한,29.48680556
1968-02-05 03:08,01,인,입춘,29.75694444
1968-03-05 21:18,02,묘,경칩,30.21041667
1968-04-05 02:21,03,진,청명,30.73263889
1968-05-05 19:56,04,사,입하,31.18263889
1968-06-06 00:19,05,오,망종,31.43263889
1968-07-07 10:42,06,미,소서,31.40625
1968-08-07 20:27,07,신,입추,31.11458333
1968-09-07 23:12,08,유,백로,30.64097222
1968-10-08 14:35,09,술,한로,30.12152778
1968-11-07 17:30,10,해,입동,29.69375
1968-12-07 10:09,11,자,대설,29.46388889
1969-01-05 21:17,12,축,소한,29.4875
1969-02-04 08:59,01,인,입춘,29.75833333
1969-03-06 03:11,02,묘,경칩,30.21111111
1969-04-05 08:15,03,진,청명,30.73263889
1969-05-06 01:50,04,사,입하,31.18125
1969-06-06 06:11,05,오,망종,31.43125
1969-07-07 16:32,06,미,소서,31.40416667
1969-08-08 02:14,07,신,입추,31.1125
1969-09-08 04:56,08,유,백로,30.63958333
1969-10-08 20:17,09,술,한로,30.12152778
1969-11-07 23:12,10,해,입동,29.69444444
1969-12-07 15:52,11,자,대설,29.46527778
1970-01-06 03:02,12,축,소한,29.48888889
1970-02-04 14:46,01,인,입춘,29.75902778
1970-03-06 08:59,02,묘,경칩,30.21041667
1970-04-05 14:02,03,진,청명,30.73055556
1970-05-06 07:34,04,사,입하,31.17916667
1970-06-06 11:52,05,오,망종,31.42986111
1970-07-07 22:11,06,미,소서,31.40486111
1970-08-08 07:54,07,신,입추,31.11388889
1970-09-08 10:38,08,유,백로,30.64166667
1970-10-09 02:02,09,술,한로,30.12222222
1970-11-08 04:58,10,해,입동,29.69444444
1970-12-07 21:38,11,자,대설,29.46319444
1971-01-06 08:45,12,축,소한,29.48680556
1971-02-04 20:26,01,인,입춘,29.75625
1971-03-06 14:35,02,묘,경칩,30.20902778
1971-04-05 19:36,03,진,청명,30.73055556
1971-05-06 13:08,04,사,입하,31.18125
1971-06-06 17:29,05,오,망종,31.43194444
1971-07-08 03:51,06,미,소서,31.40902778
1971-08-08 13:40,07,신,입추,31.11805556
1971-09-08 16:30,08,유,백로,30.64513889
1971-10-09 07:59,09,술,한로,30.12361111
1971-11-08 10:57,10,해,입동,29.69375
1971-12-08 03:36,11,자,대설,29.4625
1972-01-06 14:42,12,축,소한,29.48472222
1972-02-05 02:20,01,인,입춘,29.75555556
1972-03-05 20:28,02,묘,경칩,30.20902778
1972-04-05 01:29,03,진,청명,30.73055556
1972-05-05 19:01,04,사,입하,31.18125
1972-06-05 23:22,05,오,망종,31.43125
1972-07-07 09:43,06,미,소서,31.40694444
1972-08-07 19:29,07,신,입추,31.11527778
1972-09-07 22:15,08,유,백로,30.64375
1972-10-08 13:42,09,술,한로,30.12361111
1972-11-07 16:40,10,해,입동,29.69375
1972-12-07 09:19,11,자,대설,29.46319444
1973-01-05 20:26,12,축,소한,29.48472222
1973-02-04 08:04,01,인,입춘,29.75625
1973-03-06 02:13,02,묘,경칩,30.20902778
1973-04-05 07:14,03,진,청명,30.73055556
1973-05-06 00:46,04,사,입하,31.18125
1973-06-06 05:07,05,오,망종,31.43055556
1973-07-07 15:27,06,미,소서,31.40694444
1973-08-08 01:13,07,신,입추,31.11597222
1973-09-08 04:00,08,유,백로,30.64375
1973-10-08 19:27,09,술,한로,30.12569444
1973-11-07 22:28,10,해,입동,29.69652778
1973-12-07 15:11,11,자,대설,29.46458333
1974-01-06 02:20,12,축,소한,29.48611111
1974-02-04 14:00,01,인,입춘,29.75486111
1974-03-06 08:07,02,묘,경칩,30.20694444
1974-04-05 13:05,03,진,청명,30.72847222
1974-05-06 06:34,04,사,입하,31.17916667
1974-06-06 10:52,05,오,망종,31.42986111
1974-07-07 21:11,06,미,소서,31.40694444
1974-08-08 06:57,07,신,입추,31.11666667
1974-09-08 09:45,08,유,백로,30.64583333
1974-10-09 01:15,09,술,한로,30.12708333
1974-11-08 04:18,10,해,입동,29.69930556
1974-12-07 21:05,11,자,대설,29.46736111
1975-01-06 08:18,12,축,소한,29.48680556
1975-02-04 19:59,01,인,입춘,29.75486111
1975-03-06 14:06,02,묘,경칩,30.20555556
1975-04-05 19:02,03,진,청명,30.72569444
1975-05-06 12:27,04,사,입하,31.17708333
1975-06-06 16:42,05,오,망종,31.42847222
1975-07-08 02:59,06,미,소서,31.40694444
1975-08-08 12:45,07,신,입추,31.11666667
1975-09-08 15:33,08,유,백로,30.64513889
1975-10-09 07:02,09,술,한로,30.12569444
1975-11-08 10:03,10,해,입동,29.69722222
1975-12-08 02:47,11,자,대설,29.46597222
1976-01-06 13:58,12,축,소한,29.4875
1976-02-05 01:40,01,인,입춘,29.75555556
1976-03-05 19:48,02,묘,경칩,30.20763889
1976-04-05 00:47,03,진,청명,30.72708333
1976-05-05 18:14,04,사,입하,31.17847222
1976-06-05 22:31,05,오,망종,31.43055556
1976-07-07 08:51,06,미,소서,31.40833333
1976-08-07 18:39,07,신,입추,31.11736111
1976-09-07 21:28,08,유,백로,30.64583333
1976-10-08 12:58,09,술,한로,30.12569444
1976-11-07 15:59,10,해,입동,29.69583333
1976-12-07 08:41,11,자,대설,29.46527778
1977-01-05 19:51,12,축,소한,29.48819444
1977-02-04 07:34,01,인,입춘,29.75694444
1977-03-06 01:44,02,묘,경칩,30.20972222
1977-04-05 06:46,03,진,청명,30.72916667
1977-05-06 00:16,04,사,입하,31.17777778
1977-06-06 04:32,05,오,망종,31.42777778
1977-07-07 14:48,06,미,소서,31.40416667
1977-08-08 00:30,07,신,입추,31.11527778
1977-09-08 03:16,08,유,백로,30.64444444
1977-10-08 18:44,09,술,한로,30.12638889
1977-11-07 21:46,10,해,입동,29.69791667
1977-12-07 14:31,11,자,대설,29.46736111
1978-01-06 01:44,12,축,소한,29.48819444
1978-02-04 13:27,01,인,입춘,29.75763889
1978-03-06 07:38,02,묘,경칩,30.20902778
1978-04-05 12:39,03,진,청명,30.72916667
1978-05-06 06:09,04,사,입하,31.17638889
1978-06-06 10:23,05,오,망종,31.42638889
1978-07-07 20:37,06,미,소서,31.40347222
1978-08-08 06:18,07,신,입추,31.11458333
1978-09-08 09:03,08,유,백로,30.64444444
1978-10-09 00:31,09,술,한로,30.12708333
1978-11-08 03:34,10,해,입동,29.69861111
1978-12-07 20:20,11,자,대설,29.46666667
1979-01-06 07:32,12,축,소한,29.48680556
1979-02-04 19:13,01,인,입춘,29.75486111
1979-03-06 13:20,02,묘,경칩,30.20694444
1979-04-05 18:18,03,진,청명,30.72847222
1979-05-06 11:47,04,사,입하,31.17916667
1979-06-06 16:05,05,오,망종,31.43055556
1979-07-08 02:25,06,미,소서,31.40694444
1979-08-08 12:11,07,신,입추,31.11736111
1979-09-08 15:00,08,유,백로,30.64583333
1979-10-09 06:30,09,술,한로,30.12708333
1979-11-08 09:33,10,해,입동,29.69791667
1979-12-08 02:18,11,자,대설,29.46597222
1980-01-06 13:29,12,축,소한,29.48680556
1980-02-05 01:10,01,인,입춘,29.75486111
1980-03-05 19:17,02,묘,경칩,30.20694444
1980-04-05 00:15,03,진,청명,30.72916667
1980-05-05 17:45,04,사,입하,31.17986111
1980-06-05 22:04,05,오,망종,31.43055556
1980-07-07 08:24,06,미,소서,31.40625
1980-08-07 18:09,07,신,입추,31.11458333
1980-09-07 20:54,08,유,백로,30.64305556
1980-10-08 12:20,09,술,한로,30.12430556
1980-11-07 15:19,10,해,입동,29.69652778
1980-12-07 08:02,11,자,대설,29.46597222
1981-01-05 19:13,12,축,소한,29.48819444
1981-02-04 06:56,01,인,입춘,29.75625
1981-03-06 01:05,02,묘,경칩,30.20833333
1981-04-05 06:05,03,진,청명,30.72916667
1981-05-05 23:35,04,사,입하,31.17916667
1981-06-06 03:53,05,오,망종,31.42986111
1981-07-07 14:12,06,미,소서,31.40625
1981-08-07 23:57,07,신,입추,31.11527778
1981-09-08 02:43,08,유,백로,30.64375
1981-10-08 18:10,09,술,한로,30.12430556
1981-11-07 21:09,10,해,입동,29.69652778
1981-12-07 13:52,11,자,대설,29.46597222
1982-01-06 01:03,12,축,소한,29.48819444
1982-02-04 12:46,01,인,입춘,29.75625
1982-03-06 06:55,02,묘,경칩,30.20694444
1982-04-05 11:53,03,진,청명,30.72708333
1982-05-06 05:20,04,사,입하,31.17777778
1982-06-06 09:36,05,오,망종,31.42986111
1982-07-07 19:55,06,미,소서,31.40763889
1982-08-08 05:42,07,신,입추,31.11805556
1982-09-08 08:32,08,유,백로,30.64583333
1982-10-09 00:02,09,술,한로,30.12638889
1982-11-08 03:04,10,해,입동,29.69722222
1982-12-07 19:48,11,자,대설,29.46597222
1983-01-06 06:59,12,축,소한,29.48680556
1983-02-04 18:40,01,인,입춘,29.75486111
1983-03-06 12:47,02,묘,경칩,30.20625
1983-04-05 17:44,03,진,청명,30.72708333
1983-05-06 11:11,04,사,입하,31.17708333
1983-06-06 15:26,05,오,망종,31.42847222
1983-07-08 01:43,06,미,소서,31.40763889
1983-08-08 11:30,07,신,입추,31.11805556
1983-09-08 14:20,08,유,백로,30.64652778
1983-10-09 05:51,09,술,한로,30.12638889
1983-11-08 08:53,10,해,입동,29.69513889
1983-12-08 01:34,11,자,대설,29.46319444
1984-01-06 12:41,12,축,소한,29.48472222
1984-02-05 00:19,01,인,입춘,29.75416667
1984-03-05 18:25,02,묘,경칩,30.20625
1984-04-04 23:22,03,진,청명,30.72847222
1984-05-05 16:51,04,사,입하,31.17916667
1984-06-05 21:09,05,오,망종,31.43055556
1984-07-07 07:29,06,미,소서,31.40902778
1984-08-07 17:18,07,신,입추,31.11944444
1984-09-07 20:10,08,유,백로,30.64791667
1984-10-08 11:43,09,술,한로,30.12708333
1984-11-07 14:46,10,해,입동,29.69583333
1984-12-07 07:28,11,자,대설,29.46319444
1985-01-05 18:35,12,축,소한,29.48402778
1985-02-04 06:12,01,인,입춘,29.75277778
1985-03-06 00:16,02,묘,경칩,30.20694444
1985-04-05 05:14,03,진,청명,30.72847222
1985-05-05 22:43,04,사,입하,31.17847222
1985-06-06 03:00,05,오,망종,31.42986111
1985-07-07 13:19,06,미,소서,31.40625
1985-08-07 23:04,07,신,입추,31.11736111
1985-09-08 01:53,08,유,백로,30.64722222
1985-10-08 17:25,09,술,한로,30.12777778
1985-11-07 20:29,10,해,입동,29.69930556
1985-12-07 13:16,11,자,대설,29.46666667
1986-01-06 00:28,12,축,소한,29.48611111
1986-02-04 12:08,01,인,입춘,29.75277778
1986-03-06 06:12,02,묘,경칩,30.20416667
1986-04-05 11:06,03,진,청명,30.72569444
1986-05-06 04:31,04,사,입하,31.17569444
1986-06-06 08:44,05,오,망종,31.42847222
1986-07-07 19:01,06,미,소서,31.40625
1986-08-08 04:46,07,신,입추,31.11736111
1986-09-08 07:35,08,유,백로,30.64722222
1986-10-08 23:07,09,술,한로,30.12916667
1986-11-08 02:13,10,해,입동,29.7
1986-12-07 19:01,11,자,대설,29.46666667
1987-01-06 06:13,12,축,소한,29.48541667
1987-02-04 17:52,01,인,입춘,29.75138889
1987-03-06 11:54,02,묘,경칩,30.20138889
1987-04-05 16:44,03,진,청명,30.72361111
1987-05-06 10:06,04,사,입하,31.17569444
1987-06-06 14:19,05,오,망종,31.43055556
1987-07-08 00:39,06,미,소서,31.40972222
1987-08-08 10:29,07,신,입추,31.12152778
1987-09-08 13:24,08,유,백로,30.65
1987-10-09 05:00,09,술,한로,30.12916667
1987-11-08 08:06,10,해,입동,29.69861111
1987-12-08 00:52,11,자,대설,29.46666667
1988-01-06 12:04,12,축,소한,29.48541667
1988-02-04 23:43,01,인,입춘,29.75277778
1988-03-05 17:47,02,묘,경칩,30.20277778
1988-04-04 22:39,03,진,청명,30.72430556
1988-05-05 16:02,04,사,입하,31.21736111
1988-06-05 21:15,05,오,망종,31.42916667
1988-07-07 07:33,06,미,소서,31.40763889
1988-08-07 17:20,07,신,입추,31.11875
1988-09-07 20:11,08,유,백로,30.64791667
1988-10-08 11:44,09,술,한로,30.08680556
1988-11-07 13:49,10,해,입동,29.69791667
1988-12-07 06:34,11,자,대설,29.46666667
1989-01-05 17:46,12,축,소한,29.48680556
1989-02-04 05:27,01,인,입춘,29.75486111
1989-03-05 23:34,02,묘,경칩,30.20555556
1989-04-05 04:30,03,진,청명,30.725
1989-05-05 21:54,04,사,입하,31.17430556
1989-06-06 02:05,05,오,망종,31.42638889
1989-07-07 12:19,06,미,소서,31.40625
1989-08-07 22:04,07,신,입추,31.11805556
1989-09-08 00:54,08,유,백로,30.64791667
1989-10-08 16:27,09,술,한로,30.12986111
1989-11-07 19:34,10,해,입동,29.69930556
1989-12-07 12:21,11,자,대설,29.46666667
1990-01-05 23:33,12,축,소한,29.48680556
1990-02-04 11:14,01,인,입춘,29.75347222
1990-03-06 05:19,02,묘,경칩,30.20416667
1990-04-05 10:13,03,진,청명,30.72430556
1990-05-06 03:36,04,사,입하,31.17361111
1990-06-06 07:46,05,오,망종,31.42708333
1990-07-07 18:01,06,미,소서,31.40625
1990-08-08 03:46,07,신,입추,31.11875
1990-09-08 06:37,08,유,백로,30.65069444
1990-10-08 22:14,09,술,한로,30.13125
1990-11-08 01:23,10,해,입동,29.70208333
1990-12-07 18:14,11,자,대설,29.46805556
1991-01-06 05:28,12,축,소한,29.48611111
1991-02-04 17:08,01,인,입춘,29.75277778
1991-03-06 11:12,02,묘,경칩,30.20347222
1991-04-05 16:05,03,진,청명,30.72361111
1991-05-06 09:27,04,사,입하,31.17430556
1991-06-06 13:38,05,오,망종,31.42708333
1991-07-07 23:53,06,미,소서,31.40555556
1991-08-08 09:37,07,신,입추,31.11805556
1991-09-08 12:27,08,유,백로,30.64861111
1991-10-09 04:01,09,술,한로,30.12986111
1991-11-08 07:08,10,해,입동,29.7
1991-12-07 23:56,11,자,대설,29.46736111
1992-01-06 11:09,12,축,소한,29.48541667
1992-02-04 22:48,01,인,입춘,29.75277778
1992-03-05 16:52,02,묘,경칩,30.20347222
1992-04-04 21:45,03,진,청명,30.725
1992-05-05 15:09,04,사,입하,31.17569444
1992-06-05 19:22,05,오,망종,31.42916667
1992-07-07 05:40,06,미,소서,31.40763889
1992-08-07 15:27,07,신,입추,31.11875
1992-09-07 18:18,08,유,백로,30.64861111
1992-10-08 09:52,09,술,한로,30.12847222
1992-11-07 12:57,10,해,입동,29.69930556
1992-12-07 05:44,11,자,대설,29.46736111
1993-01-05 16:57,12,축,소한,29.48611111
1993-02-04 04:37,01,인,입춘,29.75416667
1993-03-05 22:43,02,묘,경칩,30.20416667
1993-04-05 03:37,03,진,청명,30.72569444
1993-05-05 21:02,04,사,입하,31.17569444
1993-06-06 01:15,05,오,망종,31.42847222
1993-07-07 11:32,06,미,소서,31.40694444
1993-08-07 21:18,07,신,입추,31.11805556
1993-09-08 00:08,08,유,백로,30.64722222
1993-10-08 15:40,09,술,한로,30.12916667
1993-11-07 18:46,10,해,입동,29.7
1993-12-07 11:34,11,자,대설,29.46805556
1994-01-05 22:48,12,축,소한,29.48819444
1994-02-04 10:31,01,인,입춘,29.75486111
1994-03-06 04:38,02,묘,경칩,30.20416667
1994-04-05 09:32,03,진,청명,30.72361111
1994-05-06 02:54,04,사,입하,31.17430556
1994-06-06 07:05,05,오,망종,31.42638889
1994-07-07 17:19,06,미,소서,31.40625
1994-08-08 03:04,07,신,입추,31.11875
1994-09-08 05:55,08,유,백로,30.64861111
1994-10-08 21:29,09,술,한로,30.12986111
1994-11-08 00:36,10,해,입동,29.69930556
1994-12-07 17:23,11,자,대설,29.46597222
1995-01-06 04:34,12,축,소한,29.48541667
1995-02-04 16:13,01,인,입춘,29.75208333
1995-03-06 10:16,02,묘,경칩,30.20277778
1995-04-05 15:08,03,진,청명,30.72361111
1995-05-06 08:30,04,사,입하,31.17569444
1995-06-06 12:43,05,오,망종,31.42916667
1995-07-07 23:01,06,미,소서,31.41041667
1995-08-08 08:52,07,신,입추,31.12291667
1995-09-08 11:49,08,유,백로,30.65138889
1995-10-09 03:27,09,술,한로,30.13125
1995-11-08 06:36,10,해,입동,29.69861111
1995-12-07 23:22,11,자,대설,29.46458333
1996-01-06 10:31,12,축,소한,29.48402778
1996-02-04 22:08,01,인,입춘,29.75138889
1996-03-05 16:10,02,묘,경칩,30.20277778
1996-04-04 21:02,03,진,청명,30.725
1996-05-05 14:26,04,사,입하,31.17708333
1996-06-05 18:41,05,오,망종,31.42986111
1996-07-07 05:00,06,미,소서,31.40902778
1996-08-07 14:49,07,신,입추,31.12013889
1996-09-07 17:42,08,유,백로,30.65069444
1996-10-08 09:19,09,술,한로,30.13055556
1996-11-07 12:27,10,해,입동,29.69930556
1996-12-07 05:14,11,자,대설,29.46527778
1997-01-05 16:24,12,축,소한,29.48472222
1997-02-04 04:02,01,인,입춘,29.75138889
1997-03-05 22:04,02,묘,경칩,30.20277778
1997-04-05 02:56,03,진,청명,30.72430556
1997-05-05 20:19,04,사,입하,31.17638889
1997-06-06 00:33,05,오,망종,31.42777778
1997-07-07 10:49,06,미,소서,31.40763889
1997-08-07 20:36,07,신,입추,31.12013889
1997-09-07 23:29,08,유,백로,30.65
1997-10-08 15:05,09,술,한로,30.13194444
1997-11-07 18:15,10,해,입동,29.70138889
1997-12-07 11:05,11,자,대설,29.46736111
1998-01-05 22:18,12,축,소한,29.48541667
1998-02-04 09:57,01,인,입춘,29.75
1998-03-06 03:57,02,묘,경칩,30.2
1998-04-05 08:45,03,진,청명,30.72083333
1998-05-06 02:03,04,사,입하,31.17361111
1998-06-06 06:13,05,오,망종,31.42847222
1998-07-07 16:30,06,미,소서,31.40972222
1998-08-08 02:20,07,신,입추,31.12222222
1998-09-08 05:16,08,유,백로,30.65277778
1998-10-08 20:56,09,술,한로,30.13333333
1998-11-08 00:08,10,해,입동,29.70416667
1998-12-07 17:02,11,자,대설,29.46875
1999-01-06 04:17,12,축,소한,29.48611111
1999-02-04 15:57,01,인,입춘,29.75069444
1999-03-06 09:58,02,묘,경칩,30.19930556
1999-04-05 14:45,03,진,청명,30.71944444
1999-05-06 08:01,04,사,입하,31.17222222
1999-06-06 12:09,05,오,망종,31.42777778
1999-07-07 22:25,06,미,소서,31.40902778
1999-08-08 08:14,07,신,입추,31.12222222
1999-09-08 11:10,08,유,백로,30.65138889
1999-10-09 02:48,09,술,한로,30.13194444
1999-11-08 05:58,10,해,입동,29.70069444
1999-12-07 22:47,11,자,대설,29.46736111
2000-01-06 10:00,12,축,소한,29.48611111
2000-02-04 21:40,01,인,입춘,29.75138889
2000-03-05 15:42,02,묘,경칩,30.20069444
2000-04-04 20:31,03,진,청명,30.72152778
2000-05-05 13:50,04,사,입하,31.17222222
2000-06-05 17:58,05,오,망종,31.42708333
2000-07-07 04:13,06,미,소서,31.40902778
2000-08-07 14:02,07,신,입추,31.12291667
2000-09-07 16:59,08,유,백로,30.65208333
2000-10-08 08:38,09,술,한로,30.13125
2000-11-07 11:47,10,해,입동,29.70069444
2000-12-07 04:36,11,자,대설,29.46736111
2001-01-05 15:49,12,축,소한,29.48541667
2001-02-04 03:28,01,인,입춘,29.75277778
2001-03-05 21:32,02,묘,경칩,30.20277778
2001-04-05 02:24,03,진,청명,30.72222222
2001-05-05 19:44,04,사,입하,31.17291667
2001-06-05 23:53,05,오,망종,31.42569444
2001-07-07 10:06,06,미,소서,31.40694444
2001-08-07 19:52,07,신,입추,31.12083333
2001-09-07 22:46,08,유,백로,30.65138889
2001-10-08 14:24,09,술,한로,30.13333333
2001-11-07 17:36,10,해,입동,29.70277778
2001-12-07 10:28,11,자,대설,29.46875
2002-01-05 21:43,12,축,소한,29.48680556
2002-02-04 09:24,01,인,입춘,29.75277778
2002-03-06 03:28,02,묘,경칩,30.20138889
2002-04-05 08:18,03,진,청명,30.72152778
2002-05-06 01:37,04,사,입하,31.17222222
2002-06-06 05:45,05,오,망종,31.42430556
2002-07-07 15:56,06,미,소서,31.40486111
2002-08-08 01:39,07,신,입추,31.11944444
2002-09-08 04:31,08,유,백로,30.65138889
2002-10-08 20:09,09,술,한로,30.13402778
2002-11-07 23:22,10,해,입동,29.70277778
2002-12-07 16:14,11,자,대설,29.46805556
2003-01-06 03:28,12,축,소한,29.48402778
2003-02-04 15:05,01,인,입춘,29.75
2003-03-06 09:05,02,묘,경칩,30.19930556
2003-04-05 13:52,03,진,청명,30.72083333
2003-05-06 07:10,04,사,입하,31.17361111
2003-06-06 11:20,05,오,망종,31.42777778
2003-07-07 21:36,06,미,소서,31.40833333
2003-08-08 07:24,07,신,입추,31.12222222
2003-09-08 10:20,08,유,백로,30.65277778
2003-10-09 02:00,09,술,한로,30.13402778
2003-11-08 05:13,10,해,입동,29.70277778
2003-12-07 22:05,11,자,대설,29.46805556
2004-01-06 09:19,12,축,소한,29.48402778
2004-02-04 20:56,01,인,입춘,29.75
2004-03-05 14:56,02,묘,경칩,30.19930556
2004-04-04 19:43,03,진,청명,30.72152778
2004-05-05 13:02,04,사,입하,31.175
2004-06-05 17:14,05,오,망종,31.42847222
2004-07-07 03:31,06,미,소서,31.40902778
2004-08-07 13:20,07,신,입추,31.12013889
2004-09-07 16:13,08,유,백로,30.65
2004-10-08 07:49,09,술,한로,30.13194444
2004-11-07 10:59,10,해,입동,29.70138889
2004-12-07 03:49,11,자,대설,29.46805556
2005-01-05 15:03,12,축,소한,29.48611111
2005-02-04 02:43,01,인,입춘,29.75138889
2005-03-05 20:45,02,묘,경칩,30.20069444
2005-04-05 01:34,03,진,청명,30.72152778
2005-05-05 18:53,04,사,입하,31.17291667
2005-06-05 23:02,05,오,망종,31.42708333
2005-07-07 09:17,06,미,소서,31.40694444
2005-08-07 19:03,07,신,입추,31.12083333
2005-09-07 21:57,08,유,백로,30.65
2005-10-08 13:33,09,술,한로,30.13125
2005-11-07 16:42,10,해,입동,29.70208333
2005-12-07 09:33,11,자,대설,29.46805556
2006-01-05 20:47,12,축,소한,29.48611111
2006-02-04 08:27,01,인,입춘,29.75138889
2006-03-06 02:29,02,묘,경칩,30.19861111
2006-04-05 07:15,03,진,청명,30.71944444
2006-05-06 00:31,04,사,입하,31.17083333
2006-06-06 04:37,05,오,망종,31.42638889
2006-07-07 14:51,06,미,소서,31.40972222
2006-08-08 00:41,07,신,입추,31.12361111
2006-09-08 03:39,08,유,백로,30.65416667
2006-10-08 19:21,09,술,한로,30.13472222
2006-11-07 22:35,10,해,입동,29.70277778
2006-12-07 15:27,11,자,대설,29.46736111
2007-01-06 02:40,12,축,소한,29.48472222
2007-02-04 14:18,01,인,입춘,29.75
2007-03-06 08:18,02,묘,경칩,30.19930556
2007-04-05 13:05,03,진,청명,30.71875
2007-05-06 06:20,04,사,입하,31.17152778
2007-06-06 10:27,05,오,망종,31.42708333
2007-07-07 20:42,06,미,소서,31.40902778
2007-08-08 06:31,07,신,입추,31.12361111
2007-09-08 09:29,08,유,백로,30.65416667
2007-10-09 01:11,09,술,한로,30.13402778
2007-11-08 04:24,10,해,입동,29.70138889
2007-12-07 21:14,11,자,대설,29.46597222
2008-01-06 08:25,12,축,소한,29.48263889
2008-02-04 20:00,01,인,입춘,29.74930556
2008-03-05 13:59,02,묘,경칩,30.19930556
2008-04-04 18:46,03,진,청명,30.72013889
2008-05-05 12:03,04,사,입하,31.17291667
2008-06-05 16:12,05,오,망종,31.42708333
2008-07-07 02:27,06,미,소서,31.40902778
2008-08-07 12:16,07,신,입추,32.12361111
2008-09-08 15:14,08,유,백로,29.65486111
2008-10-08 06:57,09,술,한로,30.13402778
2008-11-07 10:10,10,해,입동,29.70277778
2008-12-07 03:02,11,자,대설,29.46666667
2009-01-05 14:14,12,축,소한,29.48333333
2009-02-04 01:50,01,인,입춘,29.74791667
2009-03-05 19:47,02,묘,경칩,30.19930556
2009-04-05 00:34,03,진,청명,30.72013889
2009-05-05 17:51,04,사,입하,31.17222222
2009-06-05 21:59,05,오,망종,31.42638889
2009-07-07 08:13,06,미,소서,31.40833333
2009-08-07 18:01,07,신,입추,32.12291667
2009-09-08 20:58,08,유,백로,29.65416667
2009-10-08 12:40,09,술,한로,30.13611111
2009-11-07 15:56,10,해,입동,29.70555556
2009-12-07 08:52,11,자,대설,29.47013889
2010-01-05 20:09,12,축,소한,29.48541667
2010-02-04 07:48,01,인,입춘,29.74861111
2010-03-06 01:46,02,묘,경칩,30.19722222
2010-04-05 06:30,03,진,청명,30.71805556
2010-05-05 23:44,04,사,입하,31.17013889
2010-06-06 03:49,05,오,망종,31.42569444
2010-07-07 14:02,06,미,소서,31.40763889
2010-08-07 23:49,07,신,입추,31.12222222
2010-09-08 02:45,08,유,백로,30.65347222
2010-10-08 18:26,09,술,한로,30.13611111
2010-11-07 21:42,10,해,입동,29.70555556
2010-12-07 14:38,11,자,대설,29.47013889
2011-01-06 01:55,12,축,소한,29.48472222
2011-02-04 13:33,01,인,입춘,29.74791667
2011-03-06 07:30,02,묘,경칩,30.19583333
2011-04-05 12:12,03,진,청명,30.71597222
2011-05-06 05:23,04,사,입하,31.16944444
2011-06-06 09:27,05,오,망종,31.42708333
2011-07-07 19:42,06,미,소서,31.41041667
2011-08-08 05:33,07,신,입추,31.12569444
2011-09-08 08:34,08,유,백로,30.65625
2011-10-09 00:19,09,술,한로,30.13611111
2011-11-08 03:35,10,해,입동,29.70416667
2011-12-07 20:29,11,자,대설,29.46875
2012-01-06 07:44,12,축,소한,29.48472222
2012-02-04 19:22,01,인,입춘,29.74930556
2012-03-05 13:21,02,묘,경칩,30.19722222
2012-04-04 18:05,03,진,청명,30.71875
2012-05-05 11:20,04,사,입하,31.17083333
2012-06-05 15:26,05,오,망종,31.42708333
2012-07-07 01:41,06,미,소서,31.40902778
2012-08-07 11:30,07,신,입추,31.12430556
2012-09-07 14:29,08,유,백로,30.65486111
2012-10-08 06:12,09,술,한로,30.13472222
2012-11-07 09:26,10,해,입동,29.70347222
2012-12-07 02:19,11,자,대설,29.46875
2013-01-05 13:34,12,축,소한,29.48541667
2013-02-04 01:13,01,인,입춘,29.75138889
2013-03-05 19:15,02,묘,경칩,30.19930556
2013-04-05 00:02,03,진,청명,30.71944444
2013-05-05 17:18,04,사,입하,31.17013889
2013-06-05 21:23,05,오,망종,31.42430556
2013-07-07 07:34,06,미,소서,31.40694444
2013-08-07 17:20,07,신,입추,31.12222222
2013-09-07 20:16,08,유,백로,30.65416667
2013-10-08 11:58,09,술,한로,30.13611111
2013-11-07 15:14,10,해,입동,29.70416667
2013-12-07 08:08,11,자,대설,29.46944444
2014-01-05 19:24,12,축,소한,29.48541667
2014-02-04 07:03,01,인,입춘,29.74930556
2014-03-06 01:02,02,묘,경칩,30.19791667
2014-04-05 05:47,03,진,청명,30.71666667
2014-05-05 22:59,04,사,입하,31.16944444
2014-06-06 03:03,05,오,망종,31.425
2014-07-07 13:15,06,미,소서,31.40763889
2014-08-07 23:02,07,신,입추,31.12430556
2014-09-08 02:01,08,유,백로,30.65694444
2014-10-08 17:47,09,술,한로,30.13888889
2014-11-07 21:07,10,해,입동,29.70625
2014-12-07 14:04,11,자,대설,29.46944444
2015-01-06 01:20,12,축,소한,29.48472222
2015-02-04 12:58,01,인,입춘,29.74861111
2015-03-06 06:56,02,묘,경칩,30.19652778
2015-04-05 11:39,03,진,청명,30.71736111
2015-05-06 04:52,04,사,입하,31.17083333
2015-06-06 08:58,05,오,망종,31.42638889
2015-07-07 19:12,06,미,소서,31.40902778
2015-08-08 05:01,07,신,입추,31.12361111
2015-09-08 07:59,08,유,백로,30.65555556
2015-10-08 23:43,09,술,한로,30.13541667
2015-11-08 02:58,10,해,입동,29.70486111
2015-12-07 19:53,11,자,대설,29.46875
2016-01-06 07:08,12,축,소한,29.48472222
2016-02-04 18:46,01,인,입춘,29.74791667
2016-03-05 12:43,02,묘,경칩,30.19722222
2016-04-04 17:27,03,진,청명,30.71875
2016-05-05 10:42,04,사,입하,31.17083333
2016-06-05 14:48,05,오,망종,31.42708333
2016-07-07 01:03,06,미,소서,31.40972222
2016-08-07 10:53,07,신,입추,31.12361111
2016-09-07 13:51,08,유,백로,30.65416667
2016-10-08 05:33,09,술,한로,30.13541667
2016-11-07 08:48,10,해,입동,29.70347222
2016-12-07 01:41,11,자,대설,29.46875
2017-01-05 12:56,12,축,소한,29.48472222
2017-02-04 00:34,01,인,입춘,29.74930556
2017-03-05 18:33,02,묘,경칩,30.19722222
2017-04-04 23:17,03,진,청명,30.71805556
2017-05-05 16:31,04,사,입하,31.17083333
2017-06-05 20:37,05,오,망종,31.42638889
2017-07-07 06:51,06,미,소서,31.40902778
2017-08-07 16:40,07,신,입추,31.12430556
2017-09-07 19:39,08,유,백로,30.65486111
2017-10-08 11:22,09,술,한로,30.13611111
2017-11-07 14:38,10,해,입동,29.70486111
2017-12-07 07:33,11,자,대설,29.46944444
2018-01-05 18:49,12,축,소한,29.48541667
2018-02-04 06:28,01,인,입춘,29.75
2018-03-06 00:28,02,묘,경칩,30.19791667
2018-04-05 05:13,03,진,청명,30.71666667
2018-05-05 22:25,04,사,입하,31.16944444
2018-06-06 02:29,05,오,망종,31.42569444
2018-07-07 12:42,06,미,소서,31.40902778
2018-08-07 22:31,07,신,입추,31.12430556
2018-09-08 01:30,08,유,백로,30.65625
2018-10-08 17:15,09,술,한로,30.13680556
2018-11-07 20:32,10,해,입동,29.70416667
2018-12-07 13:26,11,자,대설,29.46736111
2019-01-06 00:39,12,축,소한,29.48263889
2019-02-04 12:14,01,인,입춘,29.74722222
2019-03-06 06:10,02,묘,경칩,30.19513889
2019-04-05 10:51,03,진,청명,30.71666667
2019-05-06 04:03,04,사,입하,31.16875
2019-06-06 08:06,05,오,망종,31.42708333
2019-07-07 18:21,06,미,소서,31.41111111
2019-08-08 04:13,07,신,입추,31.12777778
2019-09-08 07:17,08,유,백로,30.65902778
2019-10-08 23:06,09,술,한로,30.1375
2019-11-08 02:24,10,해,입동,29.70416667
2019-12-07 19:18,11,자,대설,29.46666667
2020-01-06 06:30,12,축,소한,29.48125
2020-02-04 18:03,01,인,입춘,29.74583333
2020-03-05 11:57,02,묘,경칩,30.19513889
2020-04-04 16:38,03,진,청명,30.71736111
2020-05-05 09:51,04,사,입하,31.17152778
2020-06-05 13:58,05,오,망종,31.42777778
2020-07-07 00:14,06,미,소서,31.41111111
2020-08-07 10:06,07,신,입추,31.12638889
2020-09-07 13:08,08,유,백로,30.65763889
2020-10-08 04:55,09,술,한로,30.13819444
2020-11-07 08:14,10,해,입동,29.70486111
2020-12-07 01:09,11,자,대설,29.46805556
2021-01-05 12:23,12,축,소한,29.48333333
2021-02-03 23:59,01,인,입춘,29.74652778
2021-03-05 17:54,02,묘,경칩,30.19513889
2021-04-04 22:35,03,진,청명,30.71666667
2021-05-05 15:47,04,사,입하,31.17013889
2021-06-05 19:52,05,오,망종,31.42569444
2021-07-07 06:05,06,미,소서,31.40902778
2021-08-07 15:54,07,신,입추,31.12430556
2021-09-07 18:53,08,유,백로,30.65694444
2021-10-08 10:39,09,술,한로,30.13888889
2021-11-07 13:59,10,해,입동,29.70694444
2021-12-07 06:57,11,자,대설,29.47013889
2022-01-05 18:14,12,축,소한,29.48402778
2022-02-04 05:51,01,인,입춘,29.74513889
2022-03-05 23:44,02,묘,경칩,30.19166667
2022-04-05 04:20,03,진,청명,30.7125
2022-05-05 21:26,04,사,입하,31.16666667
2022-06-06 01:26,05,오,망종,31.425
2022-07-07 11:38,06,미,소서,31.41041667
2022-08-07 21:29,07,신,입추,31.12708333
2022-09-08 00:32,08,유,백로,30.65972222
2022-10-08 16:22,09,술,한로,30.14097222
2022-11-07 19:45,10,해,입동,29.70902778
2022-12-07 12:46,11,자,대설,29.47152778
2023-01-06 00:05,12,축,소한,29.48472222